{
  "loss": [
    37.41973876953125,
    20.95260238647461,
    10.55982780456543,
    11.677976608276367,
    14.4918794631958,
    13.706262588500977,
    12.518962860107422,
    8.308276176452637,
    7.777770042419434,
    6.5280632972717285,
    9.186572074890137,
    6.530463218688965,
    7.8399481773376465,
    10.338465690612793,
    7.398165702819824,
    10.205183029174805,
    5.55349063873291,
    7.385252475738525,
    6.253477573394775,
    4.061462879180908
  ],
  "mae": [
    5.678750991821289,
    4.130985260009766,
    2.680202007293701,
    2.739222526550293,
    3.1302857398986816,
    2.9588451385498047,
    2.981696367263794,
    2.22973895072937,
    2.281602382659912,
    1.924793004989624,
    2.4296960830688477,
    2.1970808506011963,
    2.301393747329712,
    2.61848783493042,
    2.1481940746307373,
    2.653482437133789,
    1.852342128753662,
    2.332562208175659,
    2.011624336242676,
    1.5905622243881226
  ],
  "val_loss": [
    12.690579414367676,
    2.4503333568573,
    4.319784641265869,
    7.761781692504883,
    7.633284091949463,
    4.88398551940918,
    2.462617874145508,
    2.0455703735351562,
    2.860502243041992,
    4.298268795013428,
    5.912759780883789,
    7.1315741539001465,
    7.990821361541748,
    8.153324127197266,
    7.718912601470947,
    6.525050640106201,
    5.22121000289917,
    4.194622993469238,
    3.4840633869171143,
    2.943514823913574
  ],
  "val_mae": [
    3.2569963932037354,
    1.2860242128372192,
    1.7384909391403198,
    2.401750326156616,
    2.376633882522583,
    1.8513884544372559,
    1.3867498636245728,
    1.2631044387817383,
    1.373952865600586,
    1.567526936531067,
    1.9759035110473633,
    2.265211820602417,
    2.45036244392395,
    2.4886903762817383,
    2.4051826000213623,
    2.1552445888519287,
    1.8348875045776367,
    1.5456256866455078,
    1.4439964294433594,
    1.3652334213256836
  ]
}